filename,input_path,target_path,input_width,input_height,target_width,target_height,same_size,split
image_25.png,d:\B.Tech\7th Sem\Minor Project\Wagon Dataset\input\image_25.png,d:\B.Tech\7th Sem\Minor Project\Wagon Dataset\output\image_25.png,1365,625,1365,625,True,train
image_104.png,d:\B.Tech\7th Sem\Minor Project\Wagon Dataset\input\image_104.png,d:\B.Tech\7th Sem\Minor Project\Wagon Dataset\output\image_104.png,1365,626,1365,626,True,train
image_20.png,d:\B.Tech\7th Sem\Minor Project\Wagon Dataset\input\image_20.png,d:\B.Tech\7th Sem\Minor Project\Wagon Dataset\output\image_20.png,1365,604,1365,604,True,train
image_27.png,d:\B.Tech\7th Sem\Minor Project\Wagon Dataset\input\image_27.png,d:\B.Tech\7th Sem\Minor Project\Wagon Dataset\output\image_27.png,1365,639,1365,639,True,train
image_203.png,d:\B.Tech\7th Sem\Minor Project\Wagon Dataset\input\image_203.png,d:\B.Tech\7th Sem\Minor Project\Wagon Dataset\output\image_203.png,1073,437,1073,437,True,train
image_37.png,d:\B.Tech\7th Sem\Minor Project\Wagon Dataset\input\image_37.png,d:\B.Tech\7th Sem\Minor Project\Wagon Dataset\output\image_37.png,1363,626,1363,626,True,train
image_51.png,d:\B.Tech\7th Sem\Minor Project\Wagon Dataset\input\image_51.png,d:\B.Tech\7th Sem\Minor Project\Wagon Dataset\output\image_51.png,1365,627,1365,627,True,train
image_84.png,d:\B.Tech\7th Sem\Minor Project\Wagon Dataset\input\image_84.png,d:\B.Tech\7th Sem\Minor Project\Wagon Dataset\output\image_84.png,1345,572,1345,572,True,train
image_108.png,d:\B.Tech\7th Sem\Minor Project\Wagon Dataset\input\image_108.png,d:\B.Tech\7th Sem\Minor Project\Wagon Dataset\output\image_108.png,1365,620,1365,620,True,train
image_127.png,d:\B.Tech\7th Sem\Minor Project\Wagon Dataset\input\image_127.png,d:\B.Tech\7th Sem\Minor Project\Wagon Dataset\output\image_127.png,1365,633,1365,633,True,train
image_154.png,d:\B.Tech\7th Sem\Minor Project\Wagon Dataset\input\image_154.png,d:\B.Tech\7th Sem\Minor Project\Wagon Dataset\output\image_154.png,1363,647,1363,647,True,train
image_69.png,d:\B.Tech\7th Sem\Minor Project\Wagon Dataset\input\image_69.png,d:\B.Tech\7th Sem\Minor Project\Wagon Dataset\output\image_69.png,1365,632,1365,632,True,train
image_76.png,d:\B.Tech\7th Sem\Minor Project\Wagon Dataset\input\image_76.png,d:\B.Tech\7th Sem\Minor Project\Wagon Dataset\output\image_76.png,1365,636,1365,636,True,train
image_244.png,d:\B.Tech\7th Sem\Minor Project\Wagon Dataset\input\image_244.png,d:\B.Tech\7th Sem\Minor Project\Wagon Dataset\output\image_244.png,1248,534,1248,534,True,train
image_161.png,d:\B.Tech\7th Sem\Minor Project\Wagon Dataset\input\image_161.png,d:\B.Tech\7th Sem\Minor Project\Wagon Dataset\output\image_161.png,1364,620,1364,620,True,train
image_233.png,d:\B.Tech\7th Sem\Minor Project\Wagon Dataset\input\image_233.png,d:\B.Tech\7th Sem\Minor Project\Wagon Dataset\output\image_233.png,1185,558,1185,558,True,train
image_49.png,d:\B.Tech\7th Sem\Minor Project\Wagon Dataset\input\image_49.png,d:\B.Tech\7th Sem\Minor Project\Wagon Dataset\output\image_49.png,1363,604,1363,604,True,train
image_113.png,d:\B.Tech\7th Sem\Minor Project\Wagon Dataset\input\image_113.png,d:\B.Tech\7th Sem\Minor Project\Wagon Dataset\output\image_113.png,1365,637,1365,637,True,train
image_191.png,d:\B.Tech\7th Sem\Minor Project\Wagon Dataset\input\image_191.png,d:\B.Tech\7th Sem\Minor Project\Wagon Dataset\output\image_191.png,1210,489,1210,489,True,train
image_121.png,d:\B.Tech\7th Sem\Minor Project\Wagon Dataset\input\image_121.png,d:\B.Tech\7th Sem\Minor Project\Wagon Dataset\output\image_121.png,1365,633,1365,633,True,train
image_178.png,d:\B.Tech\7th Sem\Minor Project\Wagon Dataset\input\image_178.png,d:\B.Tech\7th Sem\Minor Project\Wagon Dataset\output\image_178.png,1178,533,1178,533,True,train
image_117.png,d:\B.Tech\7th Sem\Minor Project\Wagon Dataset\input\image_117.png,d:\B.Tech\7th Sem\Minor Project\Wagon Dataset\output\image_117.png,1360,621,1360,621,True,train
image_205.png,d:\B.Tech\7th Sem\Minor Project\Wagon Dataset\input\image_205.png,d:\B.Tech\7th Sem\Minor Project\Wagon Dataset\output\image_205.png,1023,510,1023,510,True,train
image_211.png,d:\B.Tech\7th Sem\Minor Project\Wagon Dataset\input\image_211.png,d:\B.Tech\7th Sem\Minor Project\Wagon Dataset\output\image_211.png,848,503,848,503,True,train
image_13.png,d:\B.Tech\7th Sem\Minor Project\Wagon Dataset\input\image_13.png,d:\B.Tech\7th Sem\Minor Project\Wagon Dataset\output\image_13.png,1362,614,1362,614,True,train
image_90.png,d:\B.Tech\7th Sem\Minor Project\Wagon Dataset\input\image_90.png,d:\B.Tech\7th Sem\Minor Project\Wagon Dataset\output\image_90.png,1364,637,1364,637,True,train
image_4.png,d:\B.Tech\7th Sem\Minor Project\Wagon Dataset\input\image_4.png,d:\B.Tech\7th Sem\Minor Project\Wagon Dataset\output\image_4.png,1365,600,1365,600,True,train
image_7.png,d:\B.Tech\7th Sem\Minor Project\Wagon Dataset\input\image_7.png,d:\B.Tech\7th Sem\Minor Project\Wagon Dataset\output\image_7.png,1365,611,1365,611,True,train
image_109.png,d:\B.Tech\7th Sem\Minor Project\Wagon Dataset\input\image_109.png,d:\B.Tech\7th Sem\Minor Project\Wagon Dataset\output\image_109.png,1365,639,1365,639,True,train
image_247.png,d:\B.Tech\7th Sem\Minor Project\Wagon Dataset\input\image_247.png,d:\B.Tech\7th Sem\Minor Project\Wagon Dataset\output\image_247.png,1027,503,1027,503,True,train
image_226.png,d:\B.Tech\7th Sem\Minor Project\Wagon Dataset\input\image_226.png,d:\B.Tech\7th Sem\Minor Project\Wagon Dataset\output\image_226.png,1176,536,1176,536,True,train
image_187.png,d:\B.Tech\7th Sem\Minor Project\Wagon Dataset\input\image_187.png,d:\B.Tech\7th Sem\Minor Project\Wagon Dataset\output\image_187.png,1156,494,1156,494,True,train
image_212.png,d:\B.Tech\7th Sem\Minor Project\Wagon Dataset\input\image_212.png,d:\B.Tech\7th Sem\Minor Project\Wagon Dataset\output\image_212.png,1010,589,1010,589,True,train
image_174.png,d:\B.Tech\7th Sem\Minor Project\Wagon Dataset\input\image_174.png,d:\B.Tech\7th Sem\Minor Project\Wagon Dataset\output\image_174.png,1153,531,1153,531,True,train
image_64.png,d:\B.Tech\7th Sem\Minor Project\Wagon Dataset\input\image_64.png,d:\B.Tech\7th Sem\Minor Project\Wagon Dataset\output\image_64.png,1365,643,1365,643,True,train
image_122.png,d:\B.Tech\7th Sem\Minor Project\Wagon Dataset\input\image_122.png,d:\B.Tech\7th Sem\Minor Project\Wagon Dataset\output\image_122.png,1365,639,1365,639,True,train
image_199.png,d:\B.Tech\7th Sem\Minor Project\Wagon Dataset\input\image_199.png,d:\B.Tech\7th Sem\Minor Project\Wagon Dataset\output\image_199.png,978,453,978,453,True,train
image_116.png,d:\B.Tech\7th Sem\Minor Project\Wagon Dataset\input\image_116.png,d:\B.Tech\7th Sem\Minor Project\Wagon Dataset\output\image_116.png,1365,624,1365,624,True,train
image_57.png,d:\B.Tech\7th Sem\Minor Project\Wagon Dataset\input\image_57.png,d:\B.Tech\7th Sem\Minor Project\Wagon Dataset\output\image_57.png,1365,620,1365,620,True,train
image_36.png,d:\B.Tech\7th Sem\Minor Project\Wagon Dataset\input\image_36.png,d:\B.Tech\7th Sem\Minor Project\Wagon Dataset\output\image_36.png,1365,623,1365,623,True,train
image_160.png,d:\B.Tech\7th Sem\Minor Project\Wagon Dataset\input\image_160.png,d:\B.Tech\7th Sem\Minor Project\Wagon Dataset\output\image_160.png,1365,609,1365,609,True,train
image_219.png,d:\B.Tech\7th Sem\Minor Project\Wagon Dataset\input\image_219.png,d:\B.Tech\7th Sem\Minor Project\Wagon Dataset\output\image_219.png,1116,525,1116,525,True,train
image_241.png,d:\B.Tech\7th Sem\Minor Project\Wagon Dataset\input\image_241.png,d:\B.Tech\7th Sem\Minor Project\Wagon Dataset\output\image_241.png,1214,534,1214,534,True,train
image_229.png,d:\B.Tech\7th Sem\Minor Project\Wagon Dataset\input\image_229.png,d:\B.Tech\7th Sem\Minor Project\Wagon Dataset\output\image_229.png,1196,536,1196,536,True,train
image_140.png,d:\B.Tech\7th Sem\Minor Project\Wagon Dataset\input\image_140.png,d:\B.Tech\7th Sem\Minor Project\Wagon Dataset\output\image_140.png,1365,636,1365,636,True,train
image_32.png,d:\B.Tech\7th Sem\Minor Project\Wagon Dataset\input\image_32.png,d:\B.Tech\7th Sem\Minor Project\Wagon Dataset\output\image_32.png,1365,638,1365,638,True,train
image_114.png,d:\B.Tech\7th Sem\Minor Project\Wagon Dataset\input\image_114.png,d:\B.Tech\7th Sem\Minor Project\Wagon Dataset\output\image_114.png,1365,638,1365,638,True,train
image_16.png,d:\B.Tech\7th Sem\Minor Project\Wagon Dataset\input\image_16.png,d:\B.Tech\7th Sem\Minor Project\Wagon Dataset\output\image_16.png,1361,620,1361,620,True,train
image_228.png,d:\B.Tech\7th Sem\Minor Project\Wagon Dataset\input\image_228.png,d:\B.Tech\7th Sem\Minor Project\Wagon Dataset\output\image_228.png,1230,467,1230,467,True,train
image_3.png,d:\B.Tech\7th Sem\Minor Project\Wagon Dataset\input\image_3.png,d:\B.Tech\7th Sem\Minor Project\Wagon Dataset\output\image_3.png,1345,589,1345,589,True,train
image_134.png,d:\B.Tech\7th Sem\Minor Project\Wagon Dataset\input\image_134.png,d:\B.Tech\7th Sem\Minor Project\Wagon Dataset\output\image_134.png,1365,643,1365,643,True,train
image_222.png,d:\B.Tech\7th Sem\Minor Project\Wagon Dataset\input\image_222.png,d:\B.Tech\7th Sem\Minor Project\Wagon Dataset\output\image_222.png,981,528,981,528,True,train
image_15.png,d:\B.Tech\7th Sem\Minor Project\Wagon Dataset\input\image_15.png,d:\B.Tech\7th Sem\Minor Project\Wagon Dataset\output\image_15.png,1365,622,1365,622,True,train
image_56.png,d:\B.Tech\7th Sem\Minor Project\Wagon Dataset\input\image_56.png,d:\B.Tech\7th Sem\Minor Project\Wagon Dataset\output\image_56.png,1365,637,1365,637,True,train
image_67.png,d:\B.Tech\7th Sem\Minor Project\Wagon Dataset\input\image_67.png,d:\B.Tech\7th Sem\Minor Project\Wagon Dataset\output\image_67.png,1365,648,1365,648,True,train
image_232.png,d:\B.Tech\7th Sem\Minor Project\Wagon Dataset\input\image_232.png,d:\B.Tech\7th Sem\Minor Project\Wagon Dataset\output\image_232.png,1004,521,1004,521,True,train
image_23.png,d:\B.Tech\7th Sem\Minor Project\Wagon Dataset\input\image_23.png,d:\B.Tech\7th Sem\Minor Project\Wagon Dataset\output\image_23.png,1365,632,1365,632,True,train
image_70.png,d:\B.Tech\7th Sem\Minor Project\Wagon Dataset\input\image_70.png,d:\B.Tech\7th Sem\Minor Project\Wagon Dataset\output\image_70.png,1365,634,1365,634,True,train
image_46.png,d:\B.Tech\7th Sem\Minor Project\Wagon Dataset\input\image_46.png,d:\B.Tech\7th Sem\Minor Project\Wagon Dataset\output\image_46.png,1365,648,1365,648,True,train
image_97.png,d:\B.Tech\7th Sem\Minor Project\Wagon Dataset\input\image_97.png,d:\B.Tech\7th Sem\Minor Project\Wagon Dataset\output\image_97.png,1365,622,1365,622,True,train
image_254.png,d:\B.Tech\7th Sem\Minor Project\Wagon Dataset\input\image_254.png,d:\B.Tech\7th Sem\Minor Project\Wagon Dataset\output\image_254.png,1133,513,1133,513,True,train
image_213.png,d:\B.Tech\7th Sem\Minor Project\Wagon Dataset\input\image_213.png,d:\B.Tech\7th Sem\Minor Project\Wagon Dataset\output\image_213.png,963,569,963,569,True,train
image_188.png,d:\B.Tech\7th Sem\Minor Project\Wagon Dataset\input\image_188.png,d:\B.Tech\7th Sem\Minor Project\Wagon Dataset\output\image_188.png,1049,510,1049,510,True,train
image_243.png,d:\B.Tech\7th Sem\Minor Project\Wagon Dataset\input\image_243.png,d:\B.Tech\7th Sem\Minor Project\Wagon Dataset\output\image_243.png,1225,574,1225,574,True,train
image_171.png,d:\B.Tech\7th Sem\Minor Project\Wagon Dataset\input\image_171.png,d:\B.Tech\7th Sem\Minor Project\Wagon Dataset\output\image_171.png,1159,454,1159,454,True,train
image_95.png,d:\B.Tech\7th Sem\Minor Project\Wagon Dataset\input\image_95.png,d:\B.Tech\7th Sem\Minor Project\Wagon Dataset\output\image_95.png,1362,614,1362,614,True,train
image_87.png,d:\B.Tech\7th Sem\Minor Project\Wagon Dataset\input\image_87.png,d:\B.Tech\7th Sem\Minor Project\Wagon Dataset\output\image_87.png,1365,601,1365,601,True,train
image_50.png,d:\B.Tech\7th Sem\Minor Project\Wagon Dataset\input\image_50.png,d:\B.Tech\7th Sem\Minor Project\Wagon Dataset\output\image_50.png,1365,595,1365,595,True,train
image_200.png,d:\B.Tech\7th Sem\Minor Project\Wagon Dataset\input\image_200.png,d:\B.Tech\7th Sem\Minor Project\Wagon Dataset\output\image_200.png,1127,564,1127,564,True,train
image_166.png,d:\B.Tech\7th Sem\Minor Project\Wagon Dataset\input\image_166.png,d:\B.Tech\7th Sem\Minor Project\Wagon Dataset\output\image_166.png,1299,508,1299,508,True,train
image_162.png,d:\B.Tech\7th Sem\Minor Project\Wagon Dataset\input\image_162.png,d:\B.Tech\7th Sem\Minor Project\Wagon Dataset\output\image_162.png,1365,643,1365,643,True,train
image_207.png,d:\B.Tech\7th Sem\Minor Project\Wagon Dataset\input\image_207.png,d:\B.Tech\7th Sem\Minor Project\Wagon Dataset\output\image_207.png,1100,547,1100,547,True,train
image_168.png,d:\B.Tech\7th Sem\Minor Project\Wagon Dataset\input\image_168.png,d:\B.Tech\7th Sem\Minor Project\Wagon Dataset\output\image_168.png,1218,561,1218,561,True,train
image_201.png,d:\B.Tech\7th Sem\Minor Project\Wagon Dataset\input\image_201.png,d:\B.Tech\7th Sem\Minor Project\Wagon Dataset\output\image_201.png,1093,555,1093,555,True,train
image_206.png,d:\B.Tech\7th Sem\Minor Project\Wagon Dataset\input\image_206.png,d:\B.Tech\7th Sem\Minor Project\Wagon Dataset\output\image_206.png,1198,545,1198,545,True,train
image_208.png,d:\B.Tech\7th Sem\Minor Project\Wagon Dataset\input\image_208.png,d:\B.Tech\7th Sem\Minor Project\Wagon Dataset\output\image_208.png,1126,483,1126,483,True,train
image_88.png,d:\B.Tech\7th Sem\Minor Project\Wagon Dataset\input\image_88.png,d:\B.Tech\7th Sem\Minor Project\Wagon Dataset\output\image_88.png,1365,601,1365,601,True,train
image_176.png,d:\B.Tech\7th Sem\Minor Project\Wagon Dataset\input\image_176.png,d:\B.Tech\7th Sem\Minor Project\Wagon Dataset\output\image_176.png,1087,542,1087,542,True,train
image_126.png,d:\B.Tech\7th Sem\Minor Project\Wagon Dataset\input\image_126.png,d:\B.Tech\7th Sem\Minor Project\Wagon Dataset\output\image_126.png,1365,641,1365,641,True,train
image_252.png,d:\B.Tech\7th Sem\Minor Project\Wagon Dataset\input\image_252.png,d:\B.Tech\7th Sem\Minor Project\Wagon Dataset\output\image_252.png,1093,548,1093,548,True,train
image_251.png,d:\B.Tech\7th Sem\Minor Project\Wagon Dataset\input\image_251.png,d:\B.Tech\7th Sem\Minor Project\Wagon Dataset\output\image_251.png,1118,532,1118,532,True,train
image_82.png,d:\B.Tech\7th Sem\Minor Project\Wagon Dataset\input\image_82.png,d:\B.Tech\7th Sem\Minor Project\Wagon Dataset\output\image_82.png,1356,614,1356,614,True,train
image_103.png,d:\B.Tech\7th Sem\Minor Project\Wagon Dataset\input\image_103.png,d:\B.Tech\7th Sem\Minor Project\Wagon Dataset\output\image_103.png,1363,611,1363,611,True,train
image_150.png,d:\B.Tech\7th Sem\Minor Project\Wagon Dataset\input\image_150.png,d:\B.Tech\7th Sem\Minor Project\Wagon Dataset\output\image_150.png,1365,614,1365,614,True,train
image_30.png,d:\B.Tech\7th Sem\Minor Project\Wagon Dataset\input\image_30.png,d:\B.Tech\7th Sem\Minor Project\Wagon Dataset\output\image_30.png,1365,611,1365,611,True,train
image_77.png,d:\B.Tech\7th Sem\Minor Project\Wagon Dataset\input\image_77.png,d:\B.Tech\7th Sem\Minor Project\Wagon Dataset\output\image_77.png,1365,626,1365,626,True,train
image_198.png,d:\B.Tech\7th Sem\Minor Project\Wagon Dataset\input\image_198.png,d:\B.Tech\7th Sem\Minor Project\Wagon Dataset\output\image_198.png,917,450,917,450,True,train
image_159.png,d:\B.Tech\7th Sem\Minor Project\Wagon Dataset\input\image_159.png,d:\B.Tech\7th Sem\Minor Project\Wagon Dataset\output\image_159.png,1365,626,1365,626,True,train
image_223.png,d:\B.Tech\7th Sem\Minor Project\Wagon Dataset\input\image_223.png,d:\B.Tech\7th Sem\Minor Project\Wagon Dataset\output\image_223.png,1236,490,1236,490,True,train
image_214.png,d:\B.Tech\7th Sem\Minor Project\Wagon Dataset\input\image_214.png,d:\B.Tech\7th Sem\Minor Project\Wagon Dataset\output\image_214.png,1084,584,1084,584,True,train
image_66.png,d:\B.Tech\7th Sem\Minor Project\Wagon Dataset\input\image_66.png,d:\B.Tech\7th Sem\Minor Project\Wagon Dataset\output\image_66.png,1365,638,1365,638,True,train
image_235.png,d:\B.Tech\7th Sem\Minor Project\Wagon Dataset\input\image_235.png,d:\B.Tech\7th Sem\Minor Project\Wagon Dataset\output\image_235.png,1249,588,1249,588,True,train
image_128.png,d:\B.Tech\7th Sem\Minor Project\Wagon Dataset\input\image_128.png,d:\B.Tech\7th Sem\Minor Project\Wagon Dataset\output\image_128.png,1365,648,1365,648,True,train
image_110.png,d:\B.Tech\7th Sem\Minor Project\Wagon Dataset\input\image_110.png,d:\B.Tech\7th Sem\Minor Project\Wagon Dataset\output\image_110.png,1365,587,1365,587,True,train
image_131.png,d:\B.Tech\7th Sem\Minor Project\Wagon Dataset\input\image_131.png,d:\B.Tech\7th Sem\Minor Project\Wagon Dataset\output\image_131.png,1363,604,1363,604,True,train
image_125.png,d:\B.Tech\7th Sem\Minor Project\Wagon Dataset\input\image_125.png,d:\B.Tech\7th Sem\Minor Project\Wagon Dataset\output\image_125.png,1365,645,1365,645,True,train
image_138.png,d:\B.Tech\7th Sem\Minor Project\Wagon Dataset\input\image_138.png,d:\B.Tech\7th Sem\Minor Project\Wagon Dataset\output\image_138.png,1365,637,1365,637,True,train
image_71.png,d:\B.Tech\7th Sem\Minor Project\Wagon Dataset\input\image_71.png,d:\B.Tech\7th Sem\Minor Project\Wagon Dataset\output\image_71.png,1365,652,1365,652,True,train
image_12.png,d:\B.Tech\7th Sem\Minor Project\Wagon Dataset\input\image_12.png,d:\B.Tech\7th Sem\Minor Project\Wagon Dataset\output\image_12.png,1365,590,1365,590,True,train
image_184.png,d:\B.Tech\7th Sem\Minor Project\Wagon Dataset\input\image_184.png,d:\B.Tech\7th Sem\Minor Project\Wagon Dataset\output\image_184.png,1200,520,1200,520,True,train
image_38.png,d:\B.Tech\7th Sem\Minor Project\Wagon Dataset\input\image_38.png,d:\B.Tech\7th Sem\Minor Project\Wagon Dataset\output\image_38.png,1365,622,1365,622,True,train
image_194.png,d:\B.Tech\7th Sem\Minor Project\Wagon Dataset\input\image_194.png,d:\B.Tech\7th Sem\Minor Project\Wagon Dataset\output\image_194.png,1201,519,1201,519,True,train
image_146.png,d:\B.Tech\7th Sem\Minor Project\Wagon Dataset\input\image_146.png,d:\B.Tech\7th Sem\Minor Project\Wagon Dataset\output\image_146.png,1365,643,1365,643,True,train
image_202.png,d:\B.Tech\7th Sem\Minor Project\Wagon Dataset\input\image_202.png,d:\B.Tech\7th Sem\Minor Project\Wagon Dataset\output\image_202.png,828,551,828,551,True,train
image_186.png,d:\B.Tech\7th Sem\Minor Project\Wagon Dataset\input\image_186.png,d:\B.Tech\7th Sem\Minor Project\Wagon Dataset\output\image_186.png,1153,502,1153,502,True,train
image_89.png,d:\B.Tech\7th Sem\Minor Project\Wagon Dataset\input\image_89.png,d:\B.Tech\7th Sem\Minor Project\Wagon Dataset\output\image_89.png,1365,611,1365,611,True,train
image_53.png,d:\B.Tech\7th Sem\Minor Project\Wagon Dataset\input\image_53.png,d:\B.Tech\7th Sem\Minor Project\Wagon Dataset\output\image_53.png,1365,646,1365,646,True,train
image_169.png,d:\B.Tech\7th Sem\Minor Project\Wagon Dataset\input\image_169.png,d:\B.Tech\7th Sem\Minor Project\Wagon Dataset\output\image_169.png,1049,448,1049,448,True,train
image_137.png,d:\B.Tech\7th Sem\Minor Project\Wagon Dataset\input\image_137.png,d:\B.Tech\7th Sem\Minor Project\Wagon Dataset\output\image_137.png,1365,634,1365,634,True,train
image_85.png,d:\B.Tech\7th Sem\Minor Project\Wagon Dataset\input\image_85.png,d:\B.Tech\7th Sem\Minor Project\Wagon Dataset\output\image_85.png,1345,589,1345,589,True,train
image_239.png,d:\B.Tech\7th Sem\Minor Project\Wagon Dataset\input\image_239.png,d:\B.Tech\7th Sem\Minor Project\Wagon Dataset\output\image_239.png,1109,481,1109,481,True,train
image_170.png,d:\B.Tech\7th Sem\Minor Project\Wagon Dataset\input\image_170.png,d:\B.Tech\7th Sem\Minor Project\Wagon Dataset\output\image_170.png,998,481,998,481,True,train
image_80.png,d:\B.Tech\7th Sem\Minor Project\Wagon Dataset\input\image_80.png,d:\B.Tech\7th Sem\Minor Project\Wagon Dataset\output\image_80.png,1365,643,1365,643,True,train
image_123.png,d:\B.Tech\7th Sem\Minor Project\Wagon Dataset\input\image_123.png,d:\B.Tech\7th Sem\Minor Project\Wagon Dataset\output\image_123.png,1365,624,1365,624,True,train
image_91.png,d:\B.Tech\7th Sem\Minor Project\Wagon Dataset\input\image_91.png,d:\B.Tech\7th Sem\Minor Project\Wagon Dataset\output\image_91.png,1365,625,1365,625,True,train
image_5.png,d:\B.Tech\7th Sem\Minor Project\Wagon Dataset\input\image_5.png,d:\B.Tech\7th Sem\Minor Project\Wagon Dataset\output\image_5.png,1365,601,1365,601,True,train
image_43.png,d:\B.Tech\7th Sem\Minor Project\Wagon Dataset\input\image_43.png,d:\B.Tech\7th Sem\Minor Project\Wagon Dataset\output\image_43.png,1365,645,1365,645,True,train
image_225.png,d:\B.Tech\7th Sem\Minor Project\Wagon Dataset\input\image_225.png,d:\B.Tech\7th Sem\Minor Project\Wagon Dataset\output\image_225.png,1141,530,1141,530,True,train
image_1.png,d:\B.Tech\7th Sem\Minor Project\Wagon Dataset\input\image_1.png,d:\B.Tech\7th Sem\Minor Project\Wagon Dataset\output\image_1.png,1359,605,1359,605,True,train
image_100.png,d:\B.Tech\7th Sem\Minor Project\Wagon Dataset\input\image_100.png,d:\B.Tech\7th Sem\Minor Project\Wagon Dataset\output\image_100.png,1365,598,1365,598,True,train
image_17.png,d:\B.Tech\7th Sem\Minor Project\Wagon Dataset\input\image_17.png,d:\B.Tech\7th Sem\Minor Project\Wagon Dataset\output\image_17.png,1365,597,1365,597,True,train
image_141.png,d:\B.Tech\7th Sem\Minor Project\Wagon Dataset\input\image_141.png,d:\B.Tech\7th Sem\Minor Project\Wagon Dataset\output\image_141.png,1361,698,1361,698,True,train
image_190.png,d:\B.Tech\7th Sem\Minor Project\Wagon Dataset\input\image_190.png,d:\B.Tech\7th Sem\Minor Project\Wagon Dataset\output\image_190.png,1082,509,1082,509,True,train
image_93.png,d:\B.Tech\7th Sem\Minor Project\Wagon Dataset\input\image_93.png,d:\B.Tech\7th Sem\Minor Project\Wagon Dataset\output\image_93.png,1362,608,1362,608,True,train
image_237.png,d:\B.Tech\7th Sem\Minor Project\Wagon Dataset\input\image_237.png,d:\B.Tech\7th Sem\Minor Project\Wagon Dataset\output\image_237.png,1242,491,1242,491,True,train
image_35.png,d:\B.Tech\7th Sem\Minor Project\Wagon Dataset\input\image_35.png,d:\B.Tech\7th Sem\Minor Project\Wagon Dataset\output\image_35.png,1360,621,1360,621,True,train
image_181.png,d:\B.Tech\7th Sem\Minor Project\Wagon Dataset\input\image_181.png,d:\B.Tech\7th Sem\Minor Project\Wagon Dataset\output\image_181.png,1135,548,1135,548,True,train
image_177.png,d:\B.Tech\7th Sem\Minor Project\Wagon Dataset\input\image_177.png,d:\B.Tech\7th Sem\Minor Project\Wagon Dataset\output\image_177.png,1196,546,1196,546,True,train
image_31.png,d:\B.Tech\7th Sem\Minor Project\Wagon Dataset\input\image_31.png,d:\B.Tech\7th Sem\Minor Project\Wagon Dataset\output\image_31.png,1365,637,1365,637,True,train
image_189.png,d:\B.Tech\7th Sem\Minor Project\Wagon Dataset\input\image_189.png,d:\B.Tech\7th Sem\Minor Project\Wagon Dataset\output\image_189.png,1138,451,1138,451,True,train
image_132.png,d:\B.Tech\7th Sem\Minor Project\Wagon Dataset\input\image_132.png,d:\B.Tech\7th Sem\Minor Project\Wagon Dataset\output\image_132.png,1365,595,1365,595,True,train
image_155.png,d:\B.Tech\7th Sem\Minor Project\Wagon Dataset\input\image_155.png,d:\B.Tech\7th Sem\Minor Project\Wagon Dataset\output\image_155.png,1359,630,1359,630,True,train
image_249.png,d:\B.Tech\7th Sem\Minor Project\Wagon Dataset\input\image_249.png,d:\B.Tech\7th Sem\Minor Project\Wagon Dataset\output\image_249.png,1125,515,1125,515,True,train
image_227.png,d:\B.Tech\7th Sem\Minor Project\Wagon Dataset\input\image_227.png,d:\B.Tech\7th Sem\Minor Project\Wagon Dataset\output\image_227.png,1192,496,1192,496,True,train
image_11.png,d:\B.Tech\7th Sem\Minor Project\Wagon Dataset\input\image_11.png,d:\B.Tech\7th Sem\Minor Project\Wagon Dataset\output\image_11.png,1362,608,1362,608,True,train
image_94.png,d:\B.Tech\7th Sem\Minor Project\Wagon Dataset\input\image_94.png,d:\B.Tech\7th Sem\Minor Project\Wagon Dataset\output\image_94.png,1365,590,1365,590,True,train
image_52.png,d:\B.Tech\7th Sem\Minor Project\Wagon Dataset\input\image_52.png,d:\B.Tech\7th Sem\Minor Project\Wagon Dataset\output\image_52.png,1365,643,1365,643,True,train
image_124.png,d:\B.Tech\7th Sem\Minor Project\Wagon Dataset\input\image_124.png,d:\B.Tech\7th Sem\Minor Project\Wagon Dataset\output\image_124.png,1365,646,1365,646,True,train
image_240.png,d:\B.Tech\7th Sem\Minor Project\Wagon Dataset\input\image_240.png,d:\B.Tech\7th Sem\Minor Project\Wagon Dataset\output\image_240.png,1277,567,1277,567,True,train
image_102.png,d:\B.Tech\7th Sem\Minor Project\Wagon Dataset\input\image_102.png,d:\B.Tech\7th Sem\Minor Project\Wagon Dataset\output\image_102.png,1365,604,1365,604,True,train
image_21.png,d:\B.Tech\7th Sem\Minor Project\Wagon Dataset\input\image_21.png,d:\B.Tech\7th Sem\Minor Project\Wagon Dataset\output\image_21.png,1363,611,1363,611,True,train
image_129.png,d:\B.Tech\7th Sem\Minor Project\Wagon Dataset\input\image_129.png,d:\B.Tech\7th Sem\Minor Project\Wagon Dataset\output\image_129.png,1365,653,1365,653,True,train
image_231.png,d:\B.Tech\7th Sem\Minor Project\Wagon Dataset\input\image_231.png,d:\B.Tech\7th Sem\Minor Project\Wagon Dataset\output\image_231.png,1127,570,1127,570,True,train
image_34.png,d:\B.Tech\7th Sem\Minor Project\Wagon Dataset\input\image_34.png,d:\B.Tech\7th Sem\Minor Project\Wagon Dataset\output\image_34.png,1365,624,1365,624,True,train
image_224.png,d:\B.Tech\7th Sem\Minor Project\Wagon Dataset\input\image_224.png,d:\B.Tech\7th Sem\Minor Project\Wagon Dataset\output\image_224.png,1089,510,1089,510,True,train
image_156.png,d:\B.Tech\7th Sem\Minor Project\Wagon Dataset\input\image_156.png,d:\B.Tech\7th Sem\Minor Project\Wagon Dataset\output\image_156.png,1349,640,1349,640,True,train
image_221.png,d:\B.Tech\7th Sem\Minor Project\Wagon Dataset\input\image_221.png,d:\B.Tech\7th Sem\Minor Project\Wagon Dataset\output\image_221.png,1140,492,1140,492,True,train
image_215.png,d:\B.Tech\7th Sem\Minor Project\Wagon Dataset\input\image_215.png,d:\B.Tech\7th Sem\Minor Project\Wagon Dataset\output\image_215.png,1009,501,1009,501,True,train
image_78.png,d:\B.Tech\7th Sem\Minor Project\Wagon Dataset\input\image_78.png,d:\B.Tech\7th Sem\Minor Project\Wagon Dataset\output\image_78.png,1365,609,1365,609,True,train
image_74.png,d:\B.Tech\7th Sem\Minor Project\Wagon Dataset\input\image_74.png,d:\B.Tech\7th Sem\Minor Project\Wagon Dataset\output\image_74.png,1349,640,1349,640,True,train
image_163.png,d:\B.Tech\7th Sem\Minor Project\Wagon Dataset\input\image_163.png,d:\B.Tech\7th Sem\Minor Project\Wagon Dataset\output\image_163.png,1363,612,1363,612,True,train
image_47.png,d:\B.Tech\7th Sem\Minor Project\Wagon Dataset\input\image_47.png,d:\B.Tech\7th Sem\Minor Project\Wagon Dataset\output\image_47.png,1365,653,1365,653,True,train
image_158.png,d:\B.Tech\7th Sem\Minor Project\Wagon Dataset\input\image_158.png,d:\B.Tech\7th Sem\Minor Project\Wagon Dataset\output\image_158.png,1365,636,1365,636,True,train
image_14.png,d:\B.Tech\7th Sem\Minor Project\Wagon Dataset\input\image_14.png,d:\B.Tech\7th Sem\Minor Project\Wagon Dataset\output\image_14.png,1365,615,1365,615,True,train
image_98.png,d:\B.Tech\7th Sem\Minor Project\Wagon Dataset\input\image_98.png,d:\B.Tech\7th Sem\Minor Project\Wagon Dataset\output\image_98.png,1361,620,1361,620,True,train
image_136.png,d:\B.Tech\7th Sem\Minor Project\Wagon Dataset\input\image_136.png,d:\B.Tech\7th Sem\Minor Project\Wagon Dataset\output\image_136.png,1365,626,1365,626,True,train
image_210.png,d:\B.Tech\7th Sem\Minor Project\Wagon Dataset\input\image_210.png,d:\B.Tech\7th Sem\Minor Project\Wagon Dataset\output\image_210.png,925,599,925,599,True,train
image_238.png,d:\B.Tech\7th Sem\Minor Project\Wagon Dataset\input\image_238.png,d:\B.Tech\7th Sem\Minor Project\Wagon Dataset\output\image_238.png,1180,536,1180,536,True,train
image_120.png,d:\B.Tech\7th Sem\Minor Project\Wagon Dataset\input\image_120.png,d:\B.Tech\7th Sem\Minor Project\Wagon Dataset\output\image_120.png,1365,622,1365,622,True,train
image_63.png,d:\B.Tech\7th Sem\Minor Project\Wagon Dataset\input\image_63.png,d:\B.Tech\7th Sem\Minor Project\Wagon Dataset\output\image_63.png,1365,616,1365,616,True,train
image_39.png,d:\B.Tech\7th Sem\Minor Project\Wagon Dataset\input\image_39.png,d:\B.Tech\7th Sem\Minor Project\Wagon Dataset\output\image_39.png,1365,633,1365,633,True,train
image_173.png,d:\B.Tech\7th Sem\Minor Project\Wagon Dataset\input\image_173.png,d:\B.Tech\7th Sem\Minor Project\Wagon Dataset\output\image_173.png,1248,516,1248,516,True,train
image_135.png,d:\B.Tech\7th Sem\Minor Project\Wagon Dataset\input\image_135.png,d:\B.Tech\7th Sem\Minor Project\Wagon Dataset\output\image_135.png,1365,646,1365,646,True,train
image_62.png,d:\B.Tech\7th Sem\Minor Project\Wagon Dataset\input\image_62.png,d:\B.Tech\7th Sem\Minor Project\Wagon Dataset\output\image_62.png,1365,626,1365,626,True,train
image_142.png,d:\B.Tech\7th Sem\Minor Project\Wagon Dataset\input\image_142.png,d:\B.Tech\7th Sem\Minor Project\Wagon Dataset\output\image_142.png,1365,624,1365,624,True,train
image_185.png,d:\B.Tech\7th Sem\Minor Project\Wagon Dataset\input\image_185.png,d:\B.Tech\7th Sem\Minor Project\Wagon Dataset\output\image_185.png,1261,515,1261,515,True,train
image_45.png,d:\B.Tech\7th Sem\Minor Project\Wagon Dataset\input\image_45.png,d:\B.Tech\7th Sem\Minor Project\Wagon Dataset\output\image_45.png,1365,633,1365,633,True,train
image_246.png,d:\B.Tech\7th Sem\Minor Project\Wagon Dataset\input\image_246.png,d:\B.Tech\7th Sem\Minor Project\Wagon Dataset\output\image_246.png,1175,462,1175,462,True,train
image_139.png,d:\B.Tech\7th Sem\Minor Project\Wagon Dataset\input\image_139.png,d:\B.Tech\7th Sem\Minor Project\Wagon Dataset\output\image_139.png,1365,620,1365,620,True,train
image_230.png,d:\B.Tech\7th Sem\Minor Project\Wagon Dataset\input\image_230.png,d:\B.Tech\7th Sem\Minor Project\Wagon Dataset\output\image_230.png,1191,571,1191,571,True,train
image_28.png,d:\B.Tech\7th Sem\Minor Project\Wagon Dataset\input\image_28.png,d:\B.Tech\7th Sem\Minor Project\Wagon Dataset\output\image_28.png,1365,587,1365,587,True,train
image_101.png,d:\B.Tech\7th Sem\Minor Project\Wagon Dataset\input\image_101.png,d:\B.Tech\7th Sem\Minor Project\Wagon Dataset\output\image_101.png,1365,625,1365,625,True,train
image_195.png,d:\B.Tech\7th Sem\Minor Project\Wagon Dataset\input\image_195.png,d:\B.Tech\7th Sem\Minor Project\Wagon Dataset\output\image_195.png,1164,588,1164,588,True,train
image_148.png,d:\B.Tech\7th Sem\Minor Project\Wagon Dataset\input\image_148.png,d:\B.Tech\7th Sem\Minor Project\Wagon Dataset\output\image_148.png,1365,638,1365,638,True,train
image_22.png,d:\B.Tech\7th Sem\Minor Project\Wagon Dataset\input\image_22.png,d:\B.Tech\7th Sem\Minor Project\Wagon Dataset\output\image_22.png,1365,626,1365,626,True,train
image_79.png,d:\B.Tech\7th Sem\Minor Project\Wagon Dataset\input\image_79.png,d:\B.Tech\7th Sem\Minor Project\Wagon Dataset\output\image_79.png,1364,620,1364,620,True,train
image_48.png,d:\B.Tech\7th Sem\Minor Project\Wagon Dataset\input\image_48.png,d:\B.Tech\7th Sem\Minor Project\Wagon Dataset\output\image_48.png,1365,652,1365,652,True,train
image_83.png,d:\B.Tech\7th Sem\Minor Project\Wagon Dataset\input\image_83.png,d:\B.Tech\7th Sem\Minor Project\Wagon Dataset\output\image_83.png,1359,605,1359,605,True,train
image_144.png,d:\B.Tech\7th Sem\Minor Project\Wagon Dataset\input\image_144.png,d:\B.Tech\7th Sem\Minor Project\Wagon Dataset\output\image_144.png,1365,626,1365,626,True,train
image_248.png,d:\B.Tech\7th Sem\Minor Project\Wagon Dataset\input\image_248.png,d:\B.Tech\7th Sem\Minor Project\Wagon Dataset\output\image_248.png,1107,492,1107,492,True,train
image_172.png,d:\B.Tech\7th Sem\Minor Project\Wagon Dataset\input\image_172.png,d:\B.Tech\7th Sem\Minor Project\Wagon Dataset\output\image_172.png,1290,540,1290,540,True,train
image_130.png,d:\B.Tech\7th Sem\Minor Project\Wagon Dataset\input\image_130.png,d:\B.Tech\7th Sem\Minor Project\Wagon Dataset\output\image_130.png,1365,652,1365,652,True,train
image_6.png,d:\B.Tech\7th Sem\Minor Project\Wagon Dataset\input\image_6.png,d:\B.Tech\7th Sem\Minor Project\Wagon Dataset\output\image_6.png,1365,601,1365,601,True,train
image_105.png,d:\B.Tech\7th Sem\Minor Project\Wagon Dataset\input\image_105.png,d:\B.Tech\7th Sem\Minor Project\Wagon Dataset\output\image_105.png,1365,632,1365,632,True,train
image_26.png,d:\B.Tech\7th Sem\Minor Project\Wagon Dataset\input\image_26.png,d:\B.Tech\7th Sem\Minor Project\Wagon Dataset\output\image_26.png,1365,620,1365,620,True,train
image_2.png,d:\B.Tech\7th Sem\Minor Project\Wagon Dataset\input\image_2.png,d:\B.Tech\7th Sem\Minor Project\Wagon Dataset\output\image_2.png,1345,572,1345,572,True,train
image_182.png,d:\B.Tech\7th Sem\Minor Project\Wagon Dataset\input\image_182.png,d:\B.Tech\7th Sem\Minor Project\Wagon Dataset\output\image_182.png,1265,525,1265,525,True,train
image_175.png,d:\B.Tech\7th Sem\Minor Project\Wagon Dataset\input\image_175.png,d:\B.Tech\7th Sem\Minor Project\Wagon Dataset\output\image_175.png,1311,560,1311,560,True,train
image_75.png,d:\B.Tech\7th Sem\Minor Project\Wagon Dataset\input\image_75.png,d:\B.Tech\7th Sem\Minor Project\Wagon Dataset\output\image_75.png,1365,643,1365,643,True,train
image_8.png,d:\B.Tech\7th Sem\Minor Project\Wagon Dataset\input\image_8.png,d:\B.Tech\7th Sem\Minor Project\Wagon Dataset\output\image_8.png,1364,637,1364,637,True,train
image_180.png,d:\B.Tech\7th Sem\Minor Project\Wagon Dataset\input\image_180.png,d:\B.Tech\7th Sem\Minor Project\Wagon Dataset\output\image_180.png,1068,540,1068,540,True,train
image_107.png,d:\B.Tech\7th Sem\Minor Project\Wagon Dataset\input\image_107.png,d:\B.Tech\7th Sem\Minor Project\Wagon Dataset\output\image_107.png,1365,625,1365,625,True,train
image_111.png,d:\B.Tech\7th Sem\Minor Project\Wagon Dataset\input\image_111.png,d:\B.Tech\7th Sem\Minor Project\Wagon Dataset\output\image_111.png,1362,638,1362,638,True,train
image_153.png,d:\B.Tech\7th Sem\Minor Project\Wagon Dataset\input\image_153.png,d:\B.Tech\7th Sem\Minor Project\Wagon Dataset\output\image_153.png,1365,652,1365,652,True,train
image_68.png,d:\B.Tech\7th Sem\Minor Project\Wagon Dataset\input\image_68.png,d:\B.Tech\7th Sem\Minor Project\Wagon Dataset\output\image_68.png,1365,614,1365,614,True,train
image_218.png,d:\B.Tech\7th Sem\Minor Project\Wagon Dataset\input\image_218.png,d:\B.Tech\7th Sem\Minor Project\Wagon Dataset\output\image_218.png,1159,541,1159,541,True,train
image_115.png,d:\B.Tech\7th Sem\Minor Project\Wagon Dataset\input\image_115.png,d:\B.Tech\7th Sem\Minor Project\Wagon Dataset\output\image_115.png,1360,626,1360,626,True,train
image_250.png,d:\B.Tech\7th Sem\Minor Project\Wagon Dataset\input\image_250.png,d:\B.Tech\7th Sem\Minor Project\Wagon Dataset\output\image_250.png,1135,569,1135,569,True,train
image_165.png,d:\B.Tech\7th Sem\Minor Project\Wagon Dataset\input\image_165.png,d:\B.Tech\7th Sem\Minor Project\Wagon Dataset\output\image_165.png,1348,544,1348,544,True,train
image_72.png,d:\B.Tech\7th Sem\Minor Project\Wagon Dataset\input\image_72.png,d:\B.Tech\7th Sem\Minor Project\Wagon Dataset\output\image_72.png,1363,647,1363,647,True,train
image_220.png,d:\B.Tech\7th Sem\Minor Project\Wagon Dataset\input\image_220.png,d:\B.Tech\7th Sem\Minor Project\Wagon Dataset\output\image_220.png,1050,510,1050,510,True,train
image_58.png,d:\B.Tech\7th Sem\Minor Project\Wagon Dataset\input\image_58.png,d:\B.Tech\7th Sem\Minor Project\Wagon Dataset\output\image_58.png,1365,636,1365,636,True,validation
image_81.png,d:\B.Tech\7th Sem\Minor Project\Wagon Dataset\input\image_81.png,d:\B.Tech\7th Sem\Minor Project\Wagon Dataset\output\image_81.png,1363,612,1363,612,True,validation
image_157.png,d:\B.Tech\7th Sem\Minor Project\Wagon Dataset\input\image_157.png,d:\B.Tech\7th Sem\Minor Project\Wagon Dataset\output\image_157.png,1365,643,1365,643,True,validation
image_149.png,d:\B.Tech\7th Sem\Minor Project\Wagon Dataset\input\image_149.png,d:\B.Tech\7th Sem\Minor Project\Wagon Dataset\output\image_149.png,1365,648,1365,648,True,validation
image_197.png,d:\B.Tech\7th Sem\Minor Project\Wagon Dataset\input\image_197.png,d:\B.Tech\7th Sem\Minor Project\Wagon Dataset\output\image_197.png,891,491,891,491,True,validation
image_145.png,d:\B.Tech\7th Sem\Minor Project\Wagon Dataset\input\image_145.png,d:\B.Tech\7th Sem\Minor Project\Wagon Dataset\output\image_145.png,1365,616,1365,616,True,validation
image_60.png,d:\B.Tech\7th Sem\Minor Project\Wagon Dataset\input\image_60.png,d:\B.Tech\7th Sem\Minor Project\Wagon Dataset\output\image_60.png,1365,624,1365,624,True,validation
image_29.png,d:\B.Tech\7th Sem\Minor Project\Wagon Dataset\input\image_29.png,d:\B.Tech\7th Sem\Minor Project\Wagon Dataset\output\image_29.png,1362,638,1362,638,True,validation
image_9.png,d:\B.Tech\7th Sem\Minor Project\Wagon Dataset\input\image_9.png,d:\B.Tech\7th Sem\Minor Project\Wagon Dataset\output\image_9.png,1365,625,1365,625,True,validation
image_42.png,d:\B.Tech\7th Sem\Minor Project\Wagon Dataset\input\image_42.png,d:\B.Tech\7th Sem\Minor Project\Wagon Dataset\output\image_42.png,1365,646,1365,646,True,validation
image_96.png,d:\B.Tech\7th Sem\Minor Project\Wagon Dataset\input\image_96.png,d:\B.Tech\7th Sem\Minor Project\Wagon Dataset\output\image_96.png,1365,615,1365,615,True,validation
image_59.png,d:\B.Tech\7th Sem\Minor Project\Wagon Dataset\input\image_59.png,d:\B.Tech\7th Sem\Minor Project\Wagon Dataset\output\image_59.png,1361,698,1361,698,True,validation
image_73.png,d:\B.Tech\7th Sem\Minor Project\Wagon Dataset\input\image_73.png,d:\B.Tech\7th Sem\Minor Project\Wagon Dataset\output\image_73.png,1359,630,1359,630,True,validation
image_253.png,d:\B.Tech\7th Sem\Minor Project\Wagon Dataset\input\image_253.png,d:\B.Tech\7th Sem\Minor Project\Wagon Dataset\output\image_253.png,1055,421,1055,421,True,validation
image_152.png,d:\B.Tech\7th Sem\Minor Project\Wagon Dataset\input\image_152.png,d:\B.Tech\7th Sem\Minor Project\Wagon Dataset\output\image_152.png,1365,634,1365,634,True,validation
image_143.png,d:\B.Tech\7th Sem\Minor Project\Wagon Dataset\input\image_143.png,d:\B.Tech\7th Sem\Minor Project\Wagon Dataset\output\image_143.png,1365,612,1365,612,True,validation
image_18.png,d:\B.Tech\7th Sem\Minor Project\Wagon Dataset\input\image_18.png,d:\B.Tech\7th Sem\Minor Project\Wagon Dataset\output\image_18.png,1365,598,1365,598,True,validation
image_119.png,d:\B.Tech\7th Sem\Minor Project\Wagon Dataset\input\image_119.png,d:\B.Tech\7th Sem\Minor Project\Wagon Dataset\output\image_119.png,1363,626,1363,626,True,validation
image_151.png,d:\B.Tech\7th Sem\Minor Project\Wagon Dataset\input\image_151.png,d:\B.Tech\7th Sem\Minor Project\Wagon Dataset\output\image_151.png,1365,632,1365,632,True,validation
image_55.png,d:\B.Tech\7th Sem\Minor Project\Wagon Dataset\input\image_55.png,d:\B.Tech\7th Sem\Minor Project\Wagon Dataset\output\image_55.png,1365,634,1365,634,True,validation
image_245.png,d:\B.Tech\7th Sem\Minor Project\Wagon Dataset\input\image_245.png,d:\B.Tech\7th Sem\Minor Project\Wagon Dataset\output\image_245.png,1181,540,1181,540,True,validation
image_92.png,d:\B.Tech\7th Sem\Minor Project\Wagon Dataset\input\image_92.png,d:\B.Tech\7th Sem\Minor Project\Wagon Dataset\output\image_92.png,1365,627,1365,627,True,validation
image_40.png,d:\B.Tech\7th Sem\Minor Project\Wagon Dataset\input\image_40.png,d:\B.Tech\7th Sem\Minor Project\Wagon Dataset\output\image_40.png,1365,639,1365,639,True,validation
image_44.png,d:\B.Tech\7th Sem\Minor Project\Wagon Dataset\input\image_44.png,d:\B.Tech\7th Sem\Minor Project\Wagon Dataset\output\image_44.png,1365,641,1365,641,True,validation
image_216.png,d:\B.Tech\7th Sem\Minor Project\Wagon Dataset\input\image_216.png,d:\B.Tech\7th Sem\Minor Project\Wagon Dataset\output\image_216.png,1138,623,1138,623,True,validation
image_133.png,d:\B.Tech\7th Sem\Minor Project\Wagon Dataset\input\image_133.png,d:\B.Tech\7th Sem\Minor Project\Wagon Dataset\output\image_133.png,1365,627,1365,627,True,test
image_242.png,d:\B.Tech\7th Sem\Minor Project\Wagon Dataset\input\image_242.png,d:\B.Tech\7th Sem\Minor Project\Wagon Dataset\output\image_242.png,1092,505,1092,505,True,test
image_86.png,d:\B.Tech\7th Sem\Minor Project\Wagon Dataset\input\image_86.png,d:\B.Tech\7th Sem\Minor Project\Wagon Dataset\output\image_86.png,1365,600,1365,600,True,test
image_10.png,d:\B.Tech\7th Sem\Minor Project\Wagon Dataset\input\image_10.png,d:\B.Tech\7th Sem\Minor Project\Wagon Dataset\output\image_10.png,1365,627,1365,627,True,test
image_147.png,d:\B.Tech\7th Sem\Minor Project\Wagon Dataset\input\image_147.png,d:\B.Tech\7th Sem\Minor Project\Wagon Dataset\output\image_147.png,1363,624,1363,624,True,test
image_234.png,d:\B.Tech\7th Sem\Minor Project\Wagon Dataset\input\image_234.png,d:\B.Tech\7th Sem\Minor Project\Wagon Dataset\output\image_234.png,1251,556,1251,556,True,test
image_217.png,d:\B.Tech\7th Sem\Minor Project\Wagon Dataset\input\image_217.png,d:\B.Tech\7th Sem\Minor Project\Wagon Dataset\output\image_217.png,1342,498,1342,498,True,test
image_236.png,d:\B.Tech\7th Sem\Minor Project\Wagon Dataset\input\image_236.png,d:\B.Tech\7th Sem\Minor Project\Wagon Dataset\output\image_236.png,1284,514,1284,514,True,test
image_193.png,d:\B.Tech\7th Sem\Minor Project\Wagon Dataset\input\image_193.png,d:\B.Tech\7th Sem\Minor Project\Wagon Dataset\output\image_193.png,1084,576,1084,576,True,test
image_19.png,d:\B.Tech\7th Sem\Minor Project\Wagon Dataset\input\image_19.png,d:\B.Tech\7th Sem\Minor Project\Wagon Dataset\output\image_19.png,1365,625,1365,625,True,test
image_204.png,d:\B.Tech\7th Sem\Minor Project\Wagon Dataset\input\image_204.png,d:\B.Tech\7th Sem\Minor Project\Wagon Dataset\output\image_204.png,1050,490,1050,490,True,test
image_179.png,d:\B.Tech\7th Sem\Minor Project\Wagon Dataset\input\image_179.png,d:\B.Tech\7th Sem\Minor Project\Wagon Dataset\output\image_179.png,1243,489,1243,489,True,test
image_54.png,d:\B.Tech\7th Sem\Minor Project\Wagon Dataset\input\image_54.png,d:\B.Tech\7th Sem\Minor Project\Wagon Dataset\output\image_54.png,1365,626,1365,626,True,test
image_167.png,d:\B.Tech\7th Sem\Minor Project\Wagon Dataset\input\image_167.png,d:\B.Tech\7th Sem\Minor Project\Wagon Dataset\output\image_167.png,1277,548,1277,548,True,test
image_65.png,d:\B.Tech\7th Sem\Minor Project\Wagon Dataset\input\image_65.png,d:\B.Tech\7th Sem\Minor Project\Wagon Dataset\output\image_65.png,1363,624,1363,624,True,test
image_61.png,d:\B.Tech\7th Sem\Minor Project\Wagon Dataset\input\image_61.png,d:\B.Tech\7th Sem\Minor Project\Wagon Dataset\output\image_61.png,1365,612,1365,612,True,test
image_209.png,d:\B.Tech\7th Sem\Minor Project\Wagon Dataset\input\image_209.png,d:\B.Tech\7th Sem\Minor Project\Wagon Dataset\output\image_209.png,1050,545,1050,545,True,test
image_99.png,d:\B.Tech\7th Sem\Minor Project\Wagon Dataset\input\image_99.png,d:\B.Tech\7th Sem\Minor Project\Wagon Dataset\output\image_99.png,1365,597,1365,597,True,test
image_118.png,d:\B.Tech\7th Sem\Minor Project\Wagon Dataset\input\image_118.png,d:\B.Tech\7th Sem\Minor Project\Wagon Dataset\output\image_118.png,1365,623,1365,623,True,test
image_41.png,d:\B.Tech\7th Sem\Minor Project\Wagon Dataset\input\image_41.png,d:\B.Tech\7th Sem\Minor Project\Wagon Dataset\output\image_41.png,1365,624,1365,624,True,test
image_164.png,d:\B.Tech\7th Sem\Minor Project\Wagon Dataset\input\image_164.png,d:\B.Tech\7th Sem\Minor Project\Wagon Dataset\output\image_164.png,1356,614,1356,614,True,test
image_196.png,d:\B.Tech\7th Sem\Minor Project\Wagon Dataset\input\image_196.png,d:\B.Tech\7th Sem\Minor Project\Wagon Dataset\output\image_196.png,985,492,985,492,True,test
image_112.png,d:\B.Tech\7th Sem\Minor Project\Wagon Dataset\input\image_112.png,d:\B.Tech\7th Sem\Minor Project\Wagon Dataset\output\image_112.png,1365,611,1365,611,True,test
image_183.png,d:\B.Tech\7th Sem\Minor Project\Wagon Dataset\input\image_183.png,d:\B.Tech\7th Sem\Minor Project\Wagon Dataset\output\image_183.png,1241,499,1241,499,True,test
image_33.png,d:\B.Tech\7th Sem\Minor Project\Wagon Dataset\input\image_33.png,d:\B.Tech\7th Sem\Minor Project\Wagon Dataset\output\image_33.png,1360,626,1360,626,True,test
image_192.png,d:\B.Tech\7th Sem\Minor Project\Wagon Dataset\input\image_192.png,d:\B.Tech\7th Sem\Minor Project\Wagon Dataset\output\image_192.png,1001,471,1001,471,True,test
