crop_file,ground_truth_number
image_101_region_01.png,22101432764
image_103_region_01.png,22101349015
image_104_region_01.png,2101390057
image_105_region_01.png,22022010614
image_107_region_01.png,22022010614
image_108_region_01.png,22151511455
image_109_region_01.png,22121614867
image_10_region_01.png,22168979484
image_110_region_01.png,2121614867
image_112_region_01.png,2213127777
image_113_region_01.png,22032019447
image_113_region_02.png,2091584130
image_114_region_01.png,22032019447
image_115_region_01.png,22061915345
image_115_region_02.png,22022110055
image_116_region_01.png,22061915345
image_118_region_01.png,221114954
image_11_region_01.png,22091477158
image_121_region_01.png,2201192873
image_122_region_01.png,22120951543
image_124_region_01.png,719511
image_125_region_01.png,22091579449
image_126_region_01.png,22071924917
image_127_region_01.png,22071924917
image_129_region_01.png,22131811188
image_12_region_01.png,22022019815
image_130_region_01.png,22032010130
image_132_region_01.png,22032016866
image_133_region_01.png,22072020694
image_134_region_01.png,22071918411
image_135_region_01.png,22011914923
image_136_region_01.png,22082015017
image_138_region_01.png,22122110924
image_139_region_01.png,22122110924
image_13_region_01.png,22022019815
image_140_region_01.png,22131724545
image_141_region_01.png,2120762003
image_142_region_01.png,224035570
image_143_region_01.png,220502441
image_145_region_01.png,22101561228
image_146_region_01.png,22101561228
image_147_region_01.png,22021535156
image_148_region_01.png,22141137179
image_149_region_01.png,22091588328
image_150_region_01.png,22131581173
image_151_region_01.png,22161060013
image_152_region_01.png,22131581098
image_153_region_01.png,86391
image_153_region_02.png,22022121871
image_155_region_01.png,22072015185
image_157_region_01.png,221219243
image_159_region_01.png,22091622329
image_15_region_01.png,22142113455
image_161_region_01.png,2210114980
image_162_region_01.png,22148228051
image_164_region_01.png,5709
image_165_region_01.png,30075416505
image_166_region_01.png,30079368749
image_167_region_01.png,30079375105
image_168_region_01.png,30073253402
image_169_region_01.png,30073278901
image_170_region_01.png,300386209
image_173_region_01.png,30040023691
image_175_region_01.png,31101812407
image_176_region_01.png,31011910309
image_177_region_01.png,31041810877
image_178_region_01.png,28867685
image_179_region_01.png,30079370063
image_17_region_01.png,22032019478
image_180_region_01.png,38099365598
image_181_region_01.png,31042010139
image_182_region_01.png,22031620783
image_185_region_01.png,2214
image_185_region_02.png,22133661178
image_187_region_01.png,1212079407
image_188_region_01.png,14160653518
image_188_region_02.png,25075068467
image_189_region_01.png,31399801762
image_191_region_01.png,78988711
image_192_region_01.png,25079469202
image_193_region_01.png,22022020712
image_194_region_01.png,22120951611
image_19_region_01.png,22101432164
image_1_region_01.png,22111317662
image_205_region_01.png,22071325549
image_206_region_01.png,2041810192
image_21_region_01.png,5510345015
image_221_region_01.png,2163316744
image_225_region_01.png,201610472
image_226_region_01.png,21141201570
image_226_region_02.png,21141201570
image_227_region_02.png,21140927774
image_22_region_01.png,52101390057
image_230_region_01.png,25613224115
image_231_region_01.png,67967
image_233_region_01.png,5020248145
image_234_region_01.png,2000575425
image_236_region_02.png,210106
image_237_region_01.png,2000575425
image_238_region_01.png,201972578
image_23_region_01.png,22022010614
image_240_region_01.png,21140925207
image_241_region_01.png,2100868279
image_241_region_02.png,2100868279
image_245_region_01.png,21160768029
image_247_region_01.png,30079760475
image_248_region_01.png,31131114366
image_250_region_01.png,30093562685
image_253_region_01.png,30048765417
image_254_region_01.png,3800212450
image_25_region_01.png,22022010614
image_26_region_01.png,22151511455
image_27_region_01.png,22121614867
image_28_region_01.png,12121614887
image_2_region_01.png,22111317362
image_30_region_01.png,513127777
image_31_region_01.png,22032019447
image_32_region_01.png,5503019447
image_33_region_01.png,55061915342
image_39_region_01.png,2201921873
image_3_region_01.png,22011822594
image_40_region_01.png,5212095143
image_43_region_01.png,22091579449
image_44_region_01.png,22071954917
image_45_region_01.png,22071954917
image_48_region_01.png,220350410130
image_4_region_01.png,22122120834
image_50_region_01.png,22035019866
image_51_region_01.png,220722050694
image_52_region_01.png,22071918411
image_53_region_01.png,52011914953
image_54_region_01.png,22085015017
image_56_region_01.png,22122110924
image_57_region_01.png,22122110924
image_59_region_01.png,12120762003
image_5_region_01.png,22160971566
image_61_region_01.png,2200202441
image_63_region_01.png,22101561228
image_64_region_01.png,22101561228
image_65_region_01.png,22101561228
image_66_region_01.png,22101561228
image_67_region_01.png,22091588358
image_68_region_01.png,22131581173
image_69_region_01.png,22191080013
image_6_region_01.png,22121835696
image_70_region_01.png,22131581173
image_73_region_01.png,55075012185
image_83_region_01.png,22111317662
image_84_region_01.png,22111317662
image_85_region_01.png,22011822594
image_86_region_01.png,22122120634
image_87_region_01.png,22160971266
image_88_region_01.png,22121832595
image_92_region_01.png,22160979404
image_93_region_01.png,22091477168
image_94_region_01.png,22022019815
image_95_region_01.png,22022019815
image_95_region_02.png,22022019815
image_97_region_01.png,22142113455
image_98_region_01.png,22142113455
image_98_region_02.png,22142113455
image_99_region_01.png,22032019478
