crop_file,original_prediction,ocr_ready_prediction,deblurred_prediction,verified_ground_truth,review_status
image_100_region_01.png,,,,,needs_human_review
image_101_region_01.png,,,,,needs_human_review
image_101_region_02.png,,,,,needs_human_review
image_102_region_01.png,,,,,needs_human_review
image_103_region_01.png,,,,,needs_human_review
image_103_region_02.png,,,,,needs_human_review
image_104_region_01.png,,,,,needs_human_review
image_105_region_01.png,,,,,needs_human_review
image_105_region_02.png,,,,,needs_human_review
image_107_region_01.png,,,,,needs_human_review
image_107_region_02.png,,5,,,needs_human_review
image_108_region_01.png,,,,,needs_human_review
image_109_region_01.png,,,,,needs_human_review
image_109_region_02.png,,,,,needs_human_review
image_10_region_01.png,,,,,needs_human_review
image_110_region_01.png,,,,,needs_human_review
image_111_region_01.png,1,1,,,needs_human_review
image_112_region_01.png,,,,,needs_human_review
image_112_region_02.png,,,,,needs_human_review
image_113_region_01.png,,,,,needs_human_review
image_113_region_02.png,,,,,needs_human_review
image_114_region_01.png,,,,,needs_human_review
image_115_region_01.png,,,,,needs_human_review
image_115_region_02.png,,,,,needs_human_review
image_116_region_01.png,,,,,needs_human_review
image_117_region_01.png,,,,,needs_human_review
image_118_region_01.png,,,,,needs_human_review
image_119_region_01.png,,,,,needs_human_review
image_11_region_01.png,,,,,needs_human_review
image_120_region_01.png,4,,,,needs_human_review
image_121_region_01.png,,,3,,needs_human_review
image_122_region_01.png,,,,,needs_human_review
image_123_region_01.png,,,,,needs_human_review
image_124_region_01.png,,,,,needs_human_review
image_124_region_02.png,,4,,,needs_human_review
image_125_region_01.png,,,,,needs_human_review
image_126_region_01.png,,,,,needs_human_review
image_126_region_02.png,,,,,needs_human_review
image_127_region_01.png,9,,,,needs_human_review
image_128_region_01.png,4,,,,needs_human_review
image_129_region_01.png,,,,,needs_human_review
image_12_region_01.png,,,,,needs_human_review
image_130_region_01.png,,,,,needs_human_review
image_131_region_01.png,,,,,needs_human_review
image_132_region_01.png,,,,,needs_human_review
image_133_region_01.png,,,,,needs_human_review
image_133_region_02.png,,,,,needs_human_review
image_134_region_01.png,,,,,needs_human_review
image_134_region_02.png,,,,,needs_human_review
image_135_region_01.png,,,,,needs_human_review
image_136_region_01.png,,,,,needs_human_review
image_137_region_01.png,,,7,,needs_human_review
image_137_region_02.png,,,,,needs_human_review
image_138_region_01.png,,,,,needs_human_review
image_139_region_01.png,,,,,needs_human_review
image_139_region_02.png,,,,,needs_human_review
image_13_region_01.png,,,,,needs_human_review
image_140_region_01.png,,,,,needs_human_review
image_141_region_01.png,,,,,needs_human_review
image_141_region_02.png,,,,,needs_human_review
image_142_region_01.png,,,,,needs_human_review
image_143_region_01.png,,,,,needs_human_review
image_143_region_02.png,,,,,needs_human_review
image_144_region_01.png,4,,7,,needs_human_review
image_144_region_02.png,5,5,5,,needs_human_review
image_145_region_01.png,70,,,,needs_human_review
image_145_region_02.png,,,,,needs_human_review
image_146_region_01.png,,,,,needs_human_review
image_146_region_02.png,,,,,needs_human_review
image_147_region_01.png,,,,,needs_human_review
image_147_region_02.png,,,,,needs_human_review
image_148_region_01.png,,,,,needs_human_review
image_148_region_02.png,,,,,needs_human_review
image_149_region_01.png,,,,,needs_human_review
image_14_region_01.png,,,,,needs_human_review
image_150_region_01.png,,,,,needs_human_review
image_151_region_01.png,,,,,needs_human_review
image_151_region_02.png,,,,,needs_human_review
image_152_region_01.png,,,,,needs_human_review
image_152_region_02.png,2,,72,,needs_human_review
image_153_region_01.png,,,,,needs_human_review
image_153_region_02.png,,,,,needs_human_review
image_153_region_03.png,,,,,needs_human_review
image_154_region_01.png,,,,,needs_human_review
image_154_region_02.png,,,,,needs_human_review
image_155_region_01.png,,,,,needs_human_review
image_155_region_02.png,,,,,needs_human_review
image_156_region_01.png,,,,,needs_human_review
image_156_region_02.png,,,,,needs_human_review
image_157_region_01.png,,,,,needs_human_review
image_157_region_02.png,,,,,needs_human_review
image_158_region_01.png,,,,,needs_human_review
image_158_region_02.png,,,,,needs_human_review
image_159_region_01.png,1,,3,,needs_human_review
image_159_region_02.png,,,,,needs_human_review
image_15_region_01.png,,,,,needs_human_review
image_160_region_01.png,,,,,needs_human_review
image_160_region_02.png,,,,,needs_human_review
image_161_region_01.png,,,,,needs_human_review
image_161_region_02.png,,,,,needs_human_review
image_162_region_01.png,,,,,needs_human_review
image_162_region_02.png,,,,,needs_human_review
image_163_region_01.png,,,2,,needs_human_review
image_164_region_01.png,,,,,needs_human_review
image_164_region_02.png,,,,,needs_human_review
image_165_region_01.png,,,,,needs_human_review
image_165_region_02.png,,,,,needs_human_review
image_166_region_01.png,,,,,needs_human_review
image_166_region_02.png,,,,,needs_human_review
image_167_region_01.png,,,,,needs_human_review
image_168_region_01.png,,,,,needs_human_review
image_168_region_02.png,,,,,needs_human_review
image_168_region_03.png,,,,,needs_human_review
image_169_region_01.png,,,,,needs_human_review
image_16_region_01.png,,4,,,needs_human_review
image_170_region_01.png,,,,,needs_human_review
image_170_region_02.png,,,,,needs_human_review
image_170_region_03.png,,,,,needs_human_review
image_171_region_01.png,,,,,needs_human_review
image_172_region_01.png,,,,,needs_human_review
image_172_region_02.png,,,,,needs_human_review
image_173_region_01.png,,,,,needs_human_review
image_173_region_02.png,,,,,needs_human_review
image_174_region_01.png,,,,,needs_human_review
image_174_region_02.png,,,,,needs_human_review
image_174_region_03.png,,,,,needs_human_review
image_175_region_01.png,,,,,needs_human_review
image_175_region_02.png,,,,,needs_human_review
image_176_region_01.png,,,,,needs_human_review
image_176_region_02.png,,,,,needs_human_review
image_177_region_01.png,,,,,needs_human_review
image_177_region_02.png,,,,,needs_human_review
image_177_region_03.png,,,,,needs_human_review
image_178_region_01.png,,,,,needs_human_review
image_179_region_01.png,,,,,needs_human_review
image_179_region_02.png,,,,,needs_human_review
image_17_region_01.png,5,7,,,needs_human_review
image_180_region_01.png,,,,,needs_human_review
image_181_region_01.png,,,,,needs_human_review
image_182_region_01.png,4,,,,needs_human_review
image_183_region_01.png,,,,,needs_human_review
image_183_region_02.png,,,4,,needs_human_review
image_184_region_01.png,,,,,needs_human_review
image_185_region_01.png,4,,,,needs_human_review
image_185_region_02.png,,,,,needs_human_review
image_186_region_01.png,,,,,needs_human_review
image_186_region_02.png,,,,,needs_human_review
image_187_region_01.png,,,,,needs_human_review
image_187_region_02.png,,,,,needs_human_review
image_188_region_01.png,,,,,needs_human_review
image_188_region_02.png,,41,,,needs_human_review
image_189_region_01.png,,,,,needs_human_review
image_189_region_02.png,,,,,needs_human_review
image_18_region_01.png,,,,,needs_human_review
image_190_region_01.png,4,,4,,needs_human_review
image_191_region_01.png,,1,,,needs_human_review
image_192_region_01.png,,,,,needs_human_review
image_193_region_01.png,,,4,,needs_human_review
image_194_region_01.png,,,,,needs_human_review
image_194_region_02.png,,,,,needs_human_review
image_195_region_01.png,,,,,needs_human_review
image_197_region_01.png,,,,,needs_human_review
image_197_region_02.png,,,,,needs_human_review
image_198_region_01.png,,,,,needs_human_review
image_199_region_01.png,,,,,needs_human_review
image_19_region_01.png,,,,,needs_human_review
image_1_region_01.png,,,,,needs_human_review
image_200_region_01.png,,,,,needs_human_review
image_200_region_02.png,,,,,needs_human_review
image_200_region_03.png,,,,,needs_human_review
image_200_region_04.png,,,,,needs_human_review
image_200_region_05.png,,,,,needs_human_review
image_201_region_01.png,,,,,needs_human_review
image_201_region_02.png,,,,,needs_human_review
image_201_region_03.png,,,,,needs_human_review
image_201_region_04.png,,,,,needs_human_review
image_201_region_05.png,,,,,needs_human_review
image_202_region_01.png,,,,,needs_human_review
image_202_region_02.png,,,,,needs_human_review
image_202_region_03.png,,,,,needs_human_review
image_205_region_01.png,,,,,needs_human_review
image_206_region_01.png,,,,,needs_human_review
image_207_region_01.png,,,,,needs_human_review
image_209_region_01.png,,,,,needs_human_review
image_209_region_02.png,,,,,needs_human_review
image_209_region_03.png,,,,,needs_human_review
image_20_region_01.png,,,,,needs_human_review
image_210_region_01.png,,,,,needs_human_review
image_210_region_02.png,,,,,needs_human_review
image_210_region_03.png,,,,,needs_human_review
image_211_region_01.png,,,,,needs_human_review
image_211_region_02.png,,,,,needs_human_review
image_212_region_01.png,,,,,needs_human_review
image_212_region_02.png,,,,,needs_human_review
image_213_region_01.png,,,,,needs_human_review
image_213_region_02.png,,,,,needs_human_review
image_214_region_01.png,,,,,needs_human_review
image_215_region_01.png,,,,,needs_human_review
image_215_region_02.png,,7,,,needs_human_review
image_215_region_03.png,,,,,needs_human_review
image_216_region_01.png,,,,,needs_human_review
image_216_region_02.png,,,,,needs_human_review
image_217_region_01.png,,,,,needs_human_review
image_218_region_01.png,,,,,needs_human_review
image_21_region_01.png,,,,,needs_human_review
image_220_region_01.png,,,,,needs_human_review
image_221_region_01.png,,,,,needs_human_review
image_222_region_01.png,,,,,needs_human_review
image_222_region_02.png,,,4,,needs_human_review
image_222_region_03.png,,,,,needs_human_review
image_222_region_04.png,,,,,needs_human_review
image_222_region_05.png,,,,,needs_human_review
image_223_region_01.png,,,,,needs_human_review
image_223_region_02.png,,,,,needs_human_review
image_224_region_01.png,,,,,needs_human_review
image_225_region_01.png,,,,,needs_human_review
image_226_region_01.png,,,,,needs_human_review
image_226_region_02.png,,,,,needs_human_review
image_227_region_01.png,,,,,needs_human_review
image_227_region_02.png,,,,,needs_human_review
image_228_region_01.png,,,,,needs_human_review
image_228_region_02.png,,,,,needs_human_review
image_229_region_01.png,,,,,needs_human_review
image_22_region_01.png,,,,,needs_human_review
image_230_region_01.png,,,,,needs_human_review
image_231_region_01.png,,,,,needs_human_review
image_232_region_01.png,,1,,,needs_human_review
image_233_region_01.png,,,,,needs_human_review
image_234_region_01.png,,,,,needs_human_review
image_235_region_01.png,,,,,needs_human_review
image_236_region_01.png,,,,,needs_human_review
image_236_region_02.png,,,1,,needs_human_review
image_237_region_01.png,,,,,needs_human_review
image_238_region_01.png,,,,,needs_human_review
image_239_region_01.png,,,,,needs_human_review
image_23_region_01.png,,,,,needs_human_review
image_240_region_01.png,,,,,needs_human_review
image_241_region_01.png,,,,,needs_human_review
image_241_region_02.png,,,,,needs_human_review
image_242_region_01.png,0,,,,needs_human_review
image_243_region_01.png,,,,,needs_human_review
image_244_region_01.png,,,,,needs_human_review
image_245_region_01.png,10,,,,needs_human_review
image_246_region_01.png,,,,,needs_human_review
image_247_region_01.png,,,,,needs_human_review
image_248_region_01.png,,,4,,needs_human_review
image_249_region_01.png,,,,,needs_human_review
image_250_region_01.png,,,,,needs_human_review
image_251_region_01.png,,,,,needs_human_review
image_252_region_01.png,,,,,needs_human_review
image_253_region_01.png,,,,,needs_human_review
image_254_region_01.png,4,,48,,needs_human_review
image_25_region_01.png,,,,,needs_human_review
image_26_region_01.png,,,,,needs_human_review
image_27_region_01.png,,,,,needs_human_review
image_28_region_01.png,,,,,needs_human_review
image_29_region_01.png,,,,,needs_human_review
image_2_region_01.png,,,,,needs_human_review
image_30_region_01.png,,,,,needs_human_review
image_31_region_01.png,,,,,needs_human_review
image_32_region_01.png,,,,,needs_human_review
image_33_region_01.png,,,,,needs_human_review
image_34_region_01.png,,,,,needs_human_review
image_35_region_01.png,14,1,,,needs_human_review
image_36_region_01.png,,,,,needs_human_review
image_37_region_01.png,,,,,needs_human_review
image_38_region_01.png,,,,,needs_human_review
image_39_region_01.png,,,,,needs_human_review
image_3_region_01.png,,,,,needs_human_review
image_40_region_01.png,,,,,needs_human_review
image_41_region_01.png,,,,,needs_human_review
image_42_region_01.png,,,,,needs_human_review
image_43_region_01.png,,,,,needs_human_review
image_44_region_01.png,,7,,,needs_human_review
image_45_region_01.png,,,,,needs_human_review
image_46_region_01.png,,,,,needs_human_review
image_47_region_01.png,,5,,,needs_human_review
image_48_region_01.png,,,,,needs_human_review
image_49_region_01.png,,,,,needs_human_review
image_4_region_01.png,,,,,needs_human_review
image_50_region_01.png,,,,,needs_human_review
image_51_region_01.png,,4,,,needs_human_review
image_52_region_01.png,,,,,needs_human_review
image_53_region_01.png,,5,,,needs_human_review
image_54_region_01.png,,,,,needs_human_review
image_55_region_01.png,,,,,needs_human_review
image_56_region_01.png,,,,,needs_human_review
image_57_region_01.png,,,,,needs_human_review
image_58_region_01.png,,,,,needs_human_review
image_59_region_01.png,,,,,needs_human_review
image_5_region_01.png,,,,,needs_human_review
image_60_region_01.png,,,,,needs_human_review
image_61_region_01.png,,,,,needs_human_review
image_62_region_01.png,,,,,needs_human_review
image_63_region_01.png,,,,,needs_human_review
image_64_region_01.png,,,,,needs_human_review
image_65_region_01.png,,,,,needs_human_review
image_66_region_01.png,,,,,needs_human_review
image_67_region_01.png,,,,,needs_human_review
image_68_region_01.png,1,,31,,needs_human_review
image_69_region_01.png,,,,,needs_human_review
image_6_region_01.png,,9,,,needs_human_review
image_70_region_01.png,,,,,needs_human_review
image_71_region_01.png,,,,,needs_human_review
image_72_region_01.png,4,,,,needs_human_review
image_73_region_01.png,,,,,needs_human_review
image_74_region_01.png,,,,,needs_human_review
image_75_region_01.png,,,,,needs_human_review
image_76_region_01.png,,5,,,needs_human_review
image_77_region_01.png,,5,,,needs_human_review
image_78_region_01.png,,,,,needs_human_review
image_79_region_01.png,,,,,needs_human_review
image_7_region_01.png,,,,,needs_human_review
image_80_region_01.png,,,,,needs_human_review
image_80_region_02.png,,,,,needs_human_review
image_81_region_01.png,,,,,needs_human_review
image_82_region_01.png,,,,,needs_human_review
image_83_region_01.png,,,,,needs_human_review
image_84_region_01.png,,,,,needs_human_review
image_85_region_01.png,,,,,needs_human_review
image_86_region_01.png,,,,,needs_human_review
image_86_region_02.png,,,,,needs_human_review
image_87_region_01.png,,4,,,needs_human_review
image_87_region_02.png,,,,,needs_human_review
image_89_region_01.png,,7,,,needs_human_review
image_8_region_01.png,,,,,needs_human_review
image_90_region_01.png,,,,,needs_human_review
image_90_region_02.png,,,,,needs_human_review
image_91_region_01.png,,,,,needs_human_review
image_91_region_02.png,,,,,needs_human_review
image_92_region_01.png,7,,1,,needs_human_review
image_93_region_01.png,,,,,needs_human_review
image_94_region_01.png,,,,,needs_human_review
image_95_region_01.png,,,,,needs_human_review
image_95_region_02.png,,,,,needs_human_review
image_96_region_01.png,,,,,needs_human_review
image_96_region_02.png,,,,,needs_human_review
image_97_region_01.png,,,,,needs_human_review
image_98_region_01.png,,,,,needs_human_review
image_98_region_02.png,,1,,,needs_human_review
image_99_region_01.png,,,,,needs_human_review
image_9_region_01.png,,1,,,needs_human_review
