filename,input_width,input_height,split,class_name,x_min,y_min,x_max,y_max,annotation_status
image_25.png,1365,625,train,,,,,,not_annotated
image_104.png,1365,626,train,,,,,,not_annotated
image_20.png,1365,604,train,,,,,,not_annotated
image_27.png,1365,639,train,,,,,,not_annotated
image_203.png,1073,437,train,,,,,,not_annotated
image_37.png,1363,626,train,,,,,,not_annotated
image_51.png,1365,627,train,,,,,,not_annotated
image_84.png,1345,572,train,,,,,,not_annotated
image_108.png,1365,620,train,,,,,,not_annotated
image_127.png,1365,633,train,,,,,,not_annotated
image_154.png,1363,647,train,,,,,,not_annotated
image_69.png,1365,632,train,,,,,,not_annotated
image_76.png,1365,636,train,,,,,,not_annotated
image_244.png,1248,534,train,,,,,,not_annotated
image_161.png,1364,620,train,,,,,,not_annotated
image_233.png,1185,558,train,,,,,,not_annotated
image_49.png,1363,604,train,,,,,,not_annotated
image_113.png,1365,637,train,,,,,,not_annotated
image_191.png,1210,489,train,,,,,,not_annotated
image_121.png,1365,633,train,,,,,,not_annotated
image_178.png,1178,533,train,,,,,,not_annotated
image_117.png,1360,621,train,,,,,,not_annotated
image_205.png,1023,510,train,,,,,,not_annotated
image_211.png,848,503,train,,,,,,not_annotated
image_13.png,1362,614,train,,,,,,not_annotated
image_90.png,1364,637,train,,,,,,not_annotated
image_4.png,1365,600,train,,,,,,not_annotated
image_7.png,1365,611,train,,,,,,not_annotated
image_109.png,1365,639,train,,,,,,not_annotated
image_247.png,1027,503,train,,,,,,not_annotated
image_226.png,1176,536,train,,,,,,not_annotated
image_187.png,1156,494,train,,,,,,not_annotated
image_212.png,1010,589,train,,,,,,not_annotated
image_174.png,1153,531,train,,,,,,not_annotated
image_64.png,1365,643,train,,,,,,not_annotated
image_122.png,1365,639,train,,,,,,not_annotated
image_199.png,978,453,train,,,,,,not_annotated
image_116.png,1365,624,train,,,,,,not_annotated
image_57.png,1365,620,train,,,,,,not_annotated
image_36.png,1365,623,train,,,,,,not_annotated
image_160.png,1365,609,train,,,,,,not_annotated
image_219.png,1116,525,train,,,,,,not_annotated
image_241.png,1214,534,train,,,,,,not_annotated
image_229.png,1196,536,train,,,,,,not_annotated
image_140.png,1365,636,train,,,,,,not_annotated
image_32.png,1365,638,train,,,,,,not_annotated
image_114.png,1365,638,train,,,,,,not_annotated
image_16.png,1361,620,train,,,,,,not_annotated
image_228.png,1230,467,train,,,,,,not_annotated
image_3.png,1345,589,train,,,,,,not_annotated
image_134.png,1365,643,train,,,,,,not_annotated
image_222.png,981,528,train,,,,,,not_annotated
image_15.png,1365,622,train,,,,,,not_annotated
image_56.png,1365,637,train,,,,,,not_annotated
image_67.png,1365,648,train,,,,,,not_annotated
image_232.png,1004,521,train,,,,,,not_annotated
image_23.png,1365,632,train,,,,,,not_annotated
image_70.png,1365,634,train,,,,,,not_annotated
image_46.png,1365,648,train,,,,,,not_annotated
image_97.png,1365,622,train,,,,,,not_annotated
image_254.png,1133,513,train,,,,,,not_annotated
image_213.png,963,569,train,,,,,,not_annotated
image_188.png,1049,510,train,,,,,,not_annotated
image_243.png,1225,574,train,,,,,,not_annotated
image_171.png,1159,454,train,,,,,,not_annotated
image_95.png,1362,614,train,,,,,,not_annotated
image_87.png,1365,601,train,,,,,,not_annotated
image_50.png,1365,595,train,,,,,,not_annotated
image_200.png,1127,564,train,,,,,,not_annotated
image_166.png,1299,508,train,,,,,,not_annotated
image_162.png,1365,643,train,,,,,,not_annotated
image_207.png,1100,547,train,,,,,,not_annotated
image_168.png,1218,561,train,,,,,,not_annotated
image_201.png,1093,555,train,,,,,,not_annotated
image_206.png,1198,545,train,,,,,,not_annotated
image_208.png,1126,483,train,,,,,,not_annotated
image_88.png,1365,601,train,,,,,,not_annotated
image_176.png,1087,542,train,,,,,,not_annotated
image_126.png,1365,641,train,,,,,,not_annotated
image_252.png,1093,548,train,,,,,,not_annotated
image_251.png,1118,532,train,,,,,,not_annotated
image_82.png,1356,614,train,,,,,,not_annotated
image_103.png,1363,611,train,,,,,,not_annotated
image_150.png,1365,614,train,,,,,,not_annotated
image_30.png,1365,611,train,,,,,,not_annotated
image_77.png,1365,626,train,,,,,,not_annotated
image_198.png,917,450,train,,,,,,not_annotated
image_159.png,1365,626,train,,,,,,not_annotated
image_223.png,1236,490,train,,,,,,not_annotated
image_214.png,1084,584,train,,,,,,not_annotated
image_66.png,1365,638,train,,,,,,not_annotated
image_235.png,1249,588,train,,,,,,not_annotated
image_128.png,1365,648,train,,,,,,not_annotated
image_110.png,1365,587,train,,,,,,not_annotated
image_131.png,1363,604,train,,,,,,not_annotated
image_125.png,1365,645,train,,,,,,not_annotated
image_138.png,1365,637,train,,,,,,not_annotated
image_71.png,1365,652,train,,,,,,not_annotated
image_12.png,1365,590,train,,,,,,not_annotated
image_184.png,1200,520,train,,,,,,not_annotated
image_38.png,1365,622,train,,,,,,not_annotated
image_194.png,1201,519,train,,,,,,not_annotated
image_146.png,1365,643,train,,,,,,not_annotated
image_202.png,828,551,train,,,,,,not_annotated
image_186.png,1153,502,train,,,,,,not_annotated
image_89.png,1365,611,train,,,,,,not_annotated
image_53.png,1365,646,train,,,,,,not_annotated
image_169.png,1049,448,train,,,,,,not_annotated
image_137.png,1365,634,train,,,,,,not_annotated
image_85.png,1345,589,train,,,,,,not_annotated
image_239.png,1109,481,train,,,,,,not_annotated
image_170.png,998,481,train,,,,,,not_annotated
image_80.png,1365,643,train,,,,,,not_annotated
image_123.png,1365,624,train,,,,,,not_annotated
image_91.png,1365,625,train,,,,,,not_annotated
image_5.png,1365,601,train,,,,,,not_annotated
image_43.png,1365,645,train,,,,,,not_annotated
image_225.png,1141,530,train,,,,,,not_annotated
image_1.png,1359,605,train,,,,,,not_annotated
image_100.png,1365,598,train,,,,,,not_annotated
image_17.png,1365,597,train,,,,,,not_annotated
image_141.png,1361,698,train,,,,,,not_annotated
image_190.png,1082,509,train,,,,,,not_annotated
image_93.png,1362,608,train,,,,,,not_annotated
image_237.png,1242,491,train,,,,,,not_annotated
image_35.png,1360,621,train,,,,,,not_annotated
image_181.png,1135,548,train,,,,,,not_annotated
image_177.png,1196,546,train,,,,,,not_annotated
image_31.png,1365,637,train,,,,,,not_annotated
image_189.png,1138,451,train,,,,,,not_annotated
image_132.png,1365,595,train,,,,,,not_annotated
image_155.png,1359,630,train,,,,,,not_annotated
image_249.png,1125,515,train,,,,,,not_annotated
image_227.png,1192,496,train,,,,,,not_annotated
image_11.png,1362,608,train,,,,,,not_annotated
image_94.png,1365,590,train,,,,,,not_annotated
image_52.png,1365,643,train,,,,,,not_annotated
image_124.png,1365,646,train,,,,,,not_annotated
image_240.png,1277,567,train,,,,,,not_annotated
image_102.png,1365,604,train,,,,,,not_annotated
image_21.png,1363,611,train,,,,,,not_annotated
image_129.png,1365,653,train,,,,,,not_annotated
image_231.png,1127,570,train,,,,,,not_annotated
image_34.png,1365,624,train,,,,,,not_annotated
image_224.png,1089,510,train,,,,,,not_annotated
image_156.png,1349,640,train,,,,,,not_annotated
image_221.png,1140,492,train,,,,,,not_annotated
image_215.png,1009,501,train,,,,,,not_annotated
image_78.png,1365,609,train,,,,,,not_annotated
image_74.png,1349,640,train,,,,,,not_annotated
image_163.png,1363,612,train,,,,,,not_annotated
image_47.png,1365,653,train,,,,,,not_annotated
image_158.png,1365,636,train,,,,,,not_annotated
image_14.png,1365,615,train,,,,,,not_annotated
image_98.png,1361,620,train,,,,,,not_annotated
image_136.png,1365,626,train,,,,,,not_annotated
image_210.png,925,599,train,,,,,,not_annotated
image_238.png,1180,536,train,,,,,,not_annotated
image_120.png,1365,622,train,,,,,,not_annotated
image_63.png,1365,616,train,,,,,,not_annotated
image_39.png,1365,633,train,,,,,,not_annotated
image_173.png,1248,516,train,,,,,,not_annotated
image_135.png,1365,646,train,,,,,,not_annotated
image_62.png,1365,626,train,,,,,,not_annotated
image_142.png,1365,624,train,,,,,,not_annotated
image_185.png,1261,515,train,,,,,,not_annotated
image_45.png,1365,633,train,,,,,,not_annotated
image_246.png,1175,462,train,,,,,,not_annotated
image_139.png,1365,620,train,,,,,,not_annotated
image_230.png,1191,571,train,,,,,,not_annotated
image_28.png,1365,587,train,,,,,,not_annotated
image_101.png,1365,625,train,,,,,,not_annotated
image_195.png,1164,588,train,,,,,,not_annotated
image_148.png,1365,638,train,,,,,,not_annotated
image_22.png,1365,626,train,,,,,,not_annotated
image_79.png,1364,620,train,,,,,,not_annotated
image_48.png,1365,652,train,,,,,,not_annotated
image_83.png,1359,605,train,,,,,,not_annotated
image_144.png,1365,626,train,,,,,,not_annotated
image_248.png,1107,492,train,,,,,,not_annotated
image_172.png,1290,540,train,,,,,,not_annotated
image_130.png,1365,652,train,,,,,,not_annotated
image_6.png,1365,601,train,,,,,,not_annotated
image_105.png,1365,632,train,,,,,,not_annotated
image_26.png,1365,620,train,,,,,,not_annotated
image_2.png,1345,572,train,,,,,,not_annotated
image_182.png,1265,525,train,,,,,,not_annotated
image_175.png,1311,560,train,,,,,,not_annotated
image_75.png,1365,643,train,,,,,,not_annotated
image_8.png,1364,637,train,,,,,,not_annotated
image_180.png,1068,540,train,,,,,,not_annotated
image_107.png,1365,625,train,,,,,,not_annotated
image_111.png,1362,638,train,,,,,,not_annotated
image_153.png,1365,652,train,,,,,,not_annotated
image_68.png,1365,614,train,,,,,,not_annotated
image_218.png,1159,541,train,,,,,,not_annotated
image_115.png,1360,626,train,,,,,,not_annotated
image_250.png,1135,569,train,,,,,,not_annotated
image_165.png,1348,544,train,,,,,,not_annotated
image_72.png,1363,647,train,,,,,,not_annotated
image_220.png,1050,510,train,,,,,,not_annotated
image_58.png,1365,636,validation,,,,,,not_annotated
image_81.png,1363,612,validation,,,,,,not_annotated
image_157.png,1365,643,validation,,,,,,not_annotated
image_149.png,1365,648,validation,,,,,,not_annotated
image_197.png,891,491,validation,,,,,,not_annotated
image_145.png,1365,616,validation,,,,,,not_annotated
image_60.png,1365,624,validation,,,,,,not_annotated
image_29.png,1362,638,validation,,,,,,not_annotated
image_9.png,1365,625,validation,,,,,,not_annotated
image_42.png,1365,646,validation,,,,,,not_annotated
image_96.png,1365,615,validation,,,,,,not_annotated
image_59.png,1361,698,validation,,,,,,not_annotated
image_73.png,1359,630,validation,,,,,,not_annotated
image_253.png,1055,421,validation,,,,,,not_annotated
image_152.png,1365,634,validation,,,,,,not_annotated
image_143.png,1365,612,validation,,,,,,not_annotated
image_18.png,1365,598,validation,,,,,,not_annotated
image_119.png,1363,626,validation,,,,,,not_annotated
image_151.png,1365,632,validation,,,,,,not_annotated
image_55.png,1365,634,validation,,,,,,not_annotated
image_245.png,1181,540,validation,,,,,,not_annotated
image_92.png,1365,627,validation,,,,,,not_annotated
image_40.png,1365,639,validation,,,,,,not_annotated
image_44.png,1365,641,validation,,,,,,not_annotated
image_216.png,1138,623,validation,,,,,,not_annotated
image_133.png,1365,627,test,,,,,,not_annotated
image_242.png,1092,505,test,,,,,,not_annotated
image_86.png,1365,600,test,,,,,,not_annotated
image_10.png,1365,627,test,,,,,,not_annotated
image_147.png,1363,624,test,,,,,,not_annotated
image_234.png,1251,556,test,,,,,,not_annotated
image_217.png,1342,498,test,,,,,,not_annotated
image_236.png,1284,514,test,,,,,,not_annotated
image_193.png,1084,576,test,,,,,,not_annotated
image_19.png,1365,625,test,,,,,,not_annotated
image_204.png,1050,490,test,,,,,,not_annotated
image_179.png,1243,489,test,,,,,,not_annotated
image_54.png,1365,626,test,,,,,,not_annotated
image_167.png,1277,548,test,,,,,,not_annotated
image_65.png,1363,624,test,,,,,,not_annotated
image_61.png,1365,612,test,,,,,,not_annotated
image_209.png,1050,545,test,,,,,,not_annotated
image_99.png,1365,597,test,,,,,,not_annotated
image_118.png,1365,623,test,,,,,,not_annotated
image_41.png,1365,624,test,,,,,,not_annotated
image_164.png,1356,614,test,,,,,,not_annotated
image_196.png,985,492,test,,,,,,not_annotated
image_112.png,1365,611,test,,,,,,not_annotated
image_183.png,1241,499,test,,,,,,not_annotated
image_33.png,1360,626,test,,,,,,not_annotated
image_192.png,1001,471,test,,,,,,not_annotated
